name,product_code,hex_approx
Tan,F1785,#B79A72
Cardboard,F5302,#A9825A
Peach,F1680,#D9A27F
Camelback,F5307,#B88F63
Caramel,F9954,#B87D48
Latte,F6602,#B99B79
Salmon,F1770,#C98C7D
Fawn,F1320,#B9A184
Autumn Brown,F1040,#7B5A43
Schist,F9307,#7D746B
Spilite,F9313,#8E736A
Pumice,F9303,#A59E94
Patio Red,F1640,#94483F
Coppertone,F9973,#A96F51
Sable,F9205,#715A49
Chocolate,F5052,#5F4434
Mud,F5304,#725A47
Brown,F1060,#6D503C
Gravy,F9982,#806B58
Redwood,F9996,#875647
Cocoa Brown,F1100,#65463B
Basalt,F9309,#5B5754
Metapelite,F9317,#665A56
Lanai Gray,F3080,#8C8B87
Feldspar,F9203,#A59B8B
Obsidian,F9304,#3F3D3B
Dolerite,F9311,#5C5E60
Garnet,F9305,#6E4C4D
Carbon,F9202,#444442
Moonshine,F5201,#ECEBE4
Chiffon,F9806,#E4D8C5
Burnt Red,F6609,#8B3F3A
Fireweed,F5118,#A84945
Burgundy,F1070,#652E3B
Red,F2240,#C83E3B
Berry,F9995,#A9364D
Cherry Bomb,F9920,#D13A3D
Tomato,F9978,#C95242
Terra Cotta,F7551,#B8654A
Gladiola,F6804,#D36F52
Orange,F2160,#D76E2F
Squash,F9979,#D89938
Mustard,F1570,#C29A3B
Gold,F1400,#C5A056
Cornmeal,F5301,#D4B86D
Adobe Beige,F1000,#B8A98B
Putty,F5115,#A99C83
Khaki,F9956,#A79A73
Jasper,F1430,#7F7752
Sage,F6613,#8B9B7A
Camo Green,F6723,#6F7850
Lime,F5102,#9BBB3D
Teal,F6617,#347E79
Moss,F9970,#65765A
Forest Green,F1360,#3E6848
Hunter Green,F1420,#31553D
Gardenview,F9991,#5F8067
Mint Green,F1560,#9FC7A8
Sonic,F9984,#62B6B2
Aquamarine,F9952,#5FA9A8
Dusk Blue,F1200,#5F7E94
Moody Blue,F9972,#5C7585
Graphite,F1415,#54575B
Peppermint,F9971,#83B8AE
Seaspray,F5101,#79A9AA
Powder Blue,F1720,#A5C7D4
Sky Blue,F9964,#77AFCB
Stormy Blue,F6621,#627E96
Delray Blue,F1140,#3F7295
Royal Blue,F9967,#2E5E9B
True Blue,F1790,#2D67A3
Hypnotic,F9983,#315D85
Cosmo,F9992,#3D5872
Dark Blue,F1130,#2D465F
Navy,F9969,#263A52
Purple Gray,F2510,#746B7D
Dark Gray,F9904,#54565A
Cyberspace,F5920,#40454B
Ebony,F5114,#343536
Black Iron Oxide,F9902,#2E2E2D
Black,F1050,#232323
Navajo Beige,F9960,#C4B69D
Cement,F5252,#A9A49B
Taupe,F9957,#9C8F83
Stone,F9987,#9C9990
Scone,F1780,#C9B69C
Sommelier,F9800,#786B66
Tabu,F5305,#7D6E63
Functional Gray,F9961,#8A8986
Sticks & Stones,F5219,#8E857C
Porpoise,F5306,#77736E
Dolphin,F9801,#807D79
Alpaca White,F9958,#E6E0D4
Antique White,F9959,#E2DED1
Whisper Gray,F1800,#D0D0CB
Rhino Gray,F2563,#73777B
Granite,F1410,#858585
Neutral Gray,F6606,#989895
Online,F9903,#B6B5B0
Morning Fog,F9966,#A7ABA9
Medium Gray,F1480,#7D8081
Charcoal,F1090,#56585A
Space Gray,F5182,#696B6B
Battleship Gray,F9955,#777A7B
Semi-Transparent White,F2250,#F0F0EB
Eggshell,F9986,#E8E0CF
Ivory,F1425,#DDD0B7
Buttermilk,F9910,#D8C59E
Fossil,F9911,#B5A995
Potter,F9981,#A68E78
Buff,F6601,#C7AA7E
Beige,F1045,#C2B092
Wigwam,F5116,#A99079
White,F1820,#F1F1EC
Lavender,F9965,#B8B3C1
African Violet,F5104,#795A8E
Grape,F9993,#694B72
Plum,F9951,#624758
Raisin,F9975,#58434A
Aloha Rose,F3130,#B8757D
Pali Brown,F3120,#7D665B
Maui Blue,F3100,#5B8BA5
Kona Beige,F3040,#B39B79
Ewa Green,F3020,#5C8769
Oahu Brown,F3000,#705646
